REG_MAE_mean,REG_MAE_std,REG_MAPE_mean,REG_MAPE_std,CLF_AP_mean,CLF_AP_std,best_threshold,cost_fn,cost_fp,n_features_reg,n_features_clf,n_samples_reg,n_samples_clf
17.247789684394537,18.014594233110245,121083972.69483547,99029902.72068028,0.33058965915343425,0.22521255644081314,0.11533433076198815,5.0,1.0,8,8,603,1200
